{"loss": [0.8283951282501221, 0.5911272764205933, 0.5252729654312134, 0.4973861277103424, 0.4542296826839447, 0.43968358635902405, 0.4135083854198456, 0.38869503140449524, 0.3689422309398651, 0.3626600503921509], "accuracy": [0.5379208326339722, 0.6840547323226929, 0.7413984537124634, 0.7750647664070129, 0.7954124808311462, 0.8116906881332397, 0.8216795921325684, 0.8398076295852661, 0.8509063720703125, 0.8575656414031982], "val_loss": [0.6558796763420105, 0.540880024433136, 0.5664611458778381, 0.4416023790836334, 0.4060474634170532, 0.35878971219062805, 0.3560185134410858, 0.3654853403568268, 0.33641284704208374, 0.3796333372592926], "val_accuracy": [0.5479097366333008, 0.7206807136535645, 0.6662967205047607, 0.7987421154975891, 0.8349981307983398, 0.8634850382804871, 0.8542360067367554, 0.8523862361907959, 0.8753237128257751, 0.8353680968284607]}