{"accuracy": [0.71554034948349, 0.8235185146331787, 0.8616991639137268, 0.887399435043335, 0.8939632177352905, 0.9000647068023682, 0.9090321063995361, 0.9080151319503784, 0.911065936088562, 0.9095867872238159], "loss": [0.6219519972801208, 0.418334424495697, 0.3523607552051544, 0.3090420365333557, 0.2931646704673767, 0.2862897515296936, 0.2662057876586914, 0.2598991394042969, 0.2541133761405945, 0.25579068064689636], "val_accuracy": [0.8124306201934814, 0.8298187255859375, 0.8775434494018555, 0.8320384621620178, 0.852016270160675, 0.8982611894607544, 0.8953015208244324, 0.9001109600067139, 0.8997410535812378, 0.8941916227340698], "val_loss": [0.44662564992904663, 0.4089115262031555, 0.33463647961616516, 0.363472580909729, 0.37071189284324646, 0.286960244178772, 0.2945249676704407, 0.28717130422592163, 0.2869264781475067, 0.2994479537010193]}