{"loss": [0.5869901776313782, 0.4274155795574188, 0.3552166223526001, 0.30997034907341003, 0.2908285856246948, 0.27815237641334534, 0.26597821712493896, 0.263056218624115, 0.25285688042640686, 0.24955101311206818], "accuracy": [0.7076624035835266, 0.821488082408905, 0.8628539443016052, 0.8831204771995544, 0.8951508402824402, 0.9026466608047485, 0.9076439142227173, 0.9084767699241638, 0.9125486016273499, 0.9139366745948792], "val_loss": [0.46188509464263916, 0.3774718940258026, 0.4389275312423706, 0.36097410321235657, 0.297209769487381, 0.3044377565383911, 0.2873913049697876, 0.281782865524292, 0.2814970016479492, 0.2772887349128723], "val_accuracy": [0.7741097807884216, 0.844584584236145, 0.8137982487678528, 0.859050452709198, 0.8935459852218628, 0.8935459852218628, 0.8954005837440491, 0.9031898975372314, 0.8972551822662354, 0.9009643793106079]}