{"accuracy": [0.7228436470031738, 0.826199471950531, 0.8681704998016357, 0.8848109245300293, 0.8976610898971558, 0.9009891748428345, 0.9018211960792542, 0.9012665152549744, 0.9053341746330261, 0.9104188084602356], "loss": [0.5640536546707153, 0.41199517250061035, 0.3431760370731354, 0.31174996495246887, 0.2887633144855499, 0.27931854128837585, 0.27667441964149475, 0.2725912928581238, 0.2634952962398529, 0.25304287672042847], "val_accuracy": [0.7613762617111206, 0.8253791928291321, 0.8668146729469299, 0.878653347492218, 0.8523862361907959, 0.8971512913703918, 0.8812430500984192, 0.8949315547943115, 0.8701443076133728, 0.8964114189147949], "val_loss": [0.5246656537055969, 0.41093018651008606, 0.3469378352165222, 0.31933727860450745, 0.3774813413619995, 0.29176443815231323, 0.33063116669654846, 0.3084070384502411, 0.3194081783294678, 0.291375994682312]}